epoch,step,train_loss,val_loss
0,50,,0.7764807343482971
0,50,0.6905062794685364,
1,101,,0.6771133542060852
1,101,0.6964961290359497,
2,152,,0.6828897595405579
2,152,0.6718087792396545,
3,203,,0.66095370054245
3,203,0.6457034349441528,
4,254,,0.6859703660011292
4,254,0.597365140914917,
5,305,,0.6817760467529297
5,305,0.5415509939193726,
6,356,,0.6944460868835449
6,356,0.5153394937515259,
7,407,,0.7040122151374817
7,407,0.5054198503494263,
8,408,,0.6619663238525391
