epoch,step,train_loss,val_loss
0,50,,0.6905260682106018
0,50,0.6941462159156799,
