epoch,step,train_loss,val_loss
0,50,,0.6986958384513855
0,50,0.6935657858848572,
1,101,,0.7644896507263184
1,101,0.6870728135108948,
2,152,,0.6897560358047485
2,152,0.6862748265266418,
3,203,,0.6507546901702881
3,203,0.65762859582901,
4,254,,0.688234806060791
4,254,0.631630539894104,
5,305,,0.6569012403488159
5,305,0.6085469722747803,
6,356,,0.6498627662658691
6,356,0.5664764046669006,
7,407,,0.6867178082466125
7,407,0.5253685712814331,
8,408,,0.6551799774169922
