epoch,step,train_loss,val_loss
0,50,,0.6805115342140198
0,50,0.6908238530158997,
1,101,,0.6798597574234009
1,101,0.686500072479248,
2,152,,0.6638390421867371
2,152,0.6736962795257568,
3,203,,0.6666224002838135
3,203,0.6374408602714539,
4,254,,0.6982119083404541
4,254,0.5964983701705933,
5,305,,0.6740477085113525
5,305,0.5465056300163269,
6,356,,0.7038779258728027
6,356,0.5068452954292297,
7,357,,0.6650850772857666
