epoch,step,train_loss,val_loss
0,50,,0.691091775894165
0,50,0.6929863095283508,
1,101,,0.7062983512878418
1,101,0.6856458783149719,
2,152,,0.6805955767631531
2,152,0.692710280418396,
3,203,,0.6891413927078247
3,203,0.6858065128326416,
4,254,,0.6897554993629456
4,254,0.6907668709754944,
5,305,,0.69012451171875
5,305,0.6918492317199707,
6,356,,0.6901082396507263
6,356,0.6913225054740906,
7,357,,0.6804013252258301
