epoch,step,train_loss,val_loss
0,50,,0.6870591640472412
0,50,0.7511435151100159,
1,101,,0.7064387798309326
1,101,0.5934659242630005,
2,152,,0.7372993230819702
2,152,0.5087743997573853,
3,203,,0.8245720863342285
3,203,0.4900977909564972,
4,254,,0.7854409217834473
4,254,0.5390249490737915,
5,255,,0.6870591640472412
