epoch,step,train_loss,val_loss
0,50,,1.0575501918792725
0,50,1.0948232412338257,
1,101,,1.047175645828247
1,101,1.0542879104614258,
2,152,,1.0306799411773682
2,152,1.0302848815917969,
3,203,,1.0347495079040527
3,203,0.9957770109176636,
4,254,,1.048487901687622
4,254,0.9442219138145447,
5,305,,1.0438871383666992
5,305,0.895072340965271,
6,356,,1.0633225440979004
6,356,0.8576362729072571,
7,357,,1.0316872596740723
