epoch,step,train_loss,val_loss
0,50,,0.6897842884063721
0,50,0.6906705498695374,
1,101,,0.687313973903656
1,101,0.6906729936599731,
2,152,,0.6825035214424133
2,152,0.6797617673873901,
3,203,,0.6527412533760071
3,203,0.6473798751831055,
4,254,,0.6602956652641296
4,254,0.5955167412757874,
5,305,,0.7182647585868835
5,305,0.5341348648071289,
6,356,,0.7968505620956421
6,356,0.5152246952056885,
7,407,,0.7225767374038696
7,407,0.5307087898254395,
8,408,,0.6558268666267395
