epoch,step,train_loss,val_loss
0,50,,0.6827359199523926
0,50,0.6879211068153381,
1,101,,0.6783068776130676
1,101,0.6678613424301147,
2,152,,0.6589391231536865
2,152,0.6346883773803711,
3,203,,0.6583404541015625
3,203,0.5864380598068237,
4,254,,0.6747936010360718
4,254,0.5340436100959778,
5,305,,0.6665225028991699
5,305,0.5147531628608704,
6,356,,0.669121503829956
6,356,0.5034849643707275,
7,357,,0.6583957672119141
