epoch,step,train_loss,val_loss
0,50,,0.6888325214385986
0,50,0.6918413043022156,
1,101,,0.6908807158470154
1,101,0.6955773830413818,
2,152,,0.6904060244560242
2,152,0.6933558583259583,
3,203,,0.6940577030181885
3,203,0.690330982208252,
4,254,,0.6904846429824829
4,254,0.6939789056777954,
5,255,,0.6910503506660461
