epoch,step,train_loss,val_loss
0,50,,0.6896689534187317
0,50,0.6907578706741333,
1,101,,0.6852664351463318
1,101,0.688239336013794,
2,152,,0.6708289980888367
2,152,0.6602010130882263,
3,203,,0.6648174524307251
3,203,0.6056574583053589,
4,254,,0.7443798780441284
4,254,0.5563278794288635,
5,305,,0.7390496134757996
5,305,0.5236555337905884,
6,356,,0.7227925658226013
6,356,0.5146584510803223,
7,407,,0.6813778877258301
7,407,0.5115432739257812,
8,408,,0.6626157164573669
