epoch,step,train_loss,val_loss
0,142,,0.6345021724700928
0,142,0.6799781322479248,
1,285,,0.6077314019203186
1,285,0.6019598841667175,
2,428,,0.5944926738739014
2,428,0.5531876087188721,
3,571,,0.6007295846939087
3,571,0.5207420587539673,
4,714,,0.609633207321167
4,714,0.49262452125549316,
5,857,,0.5942447781562805
5,857,0.4743293523788452,
6,1000,,0.6007145047187805
6,1000,0.4575701653957367,
7,1001,,0.5938287973403931
