epoch,step,train_loss,val_loss
0,100,,0.4650617837905884
0,100,0.5058771371841431,
1,201,,0.45731163024902344
1,201,0.45075705647468567,
2,302,,0.4589814841747284
2,302,0.42374324798583984,
3,403,,0.46841514110565186
3,403,0.3825981318950653,
4,504,,0.476456880569458
4,504,0.34584498405456543,
5,605,,0.47932490706443787
5,605,0.32815679907798767,
6,606,,0.45731163024902344
