epoch,step,train_loss,val_loss
0,50,,0.6808081865310669
0,50,0.6840410828590393,
1,101,,0.6624504923820496
1,101,0.6687162518501282,
2,152,,0.6491742134094238
2,152,0.626595675945282,
3,203,,0.6483938097953796
3,203,0.5772942304611206,
4,254,,0.6576453447341919
4,254,0.5330679416656494,
5,305,,0.6711161136627197
5,305,0.5051270127296448,
6,356,,0.6614421606063843
6,356,0.49646180868148804,
7,357,,0.6512007713317871
