epoch,step,train_loss,val_loss
0,142,,0.6845868825912476
0,142,0.6973344683647156,
1,285,,0.6125024557113647
1,285,0.6289334297180176,
2,428,,0.607668936252594
2,428,0.5647847652435303,
3,571,,0.6177318692207336
3,571,0.5215359330177307,
4,714,,0.6421789526939392
4,714,0.48406708240509033,
5,857,,0.6239005923271179
5,857,0.4680057764053345,
6,1000,,0.6478432416915894
6,1000,0.4577372372150421,
7,1001,,0.6095806360244751
