epoch,step,train_loss,val_loss
0,50,,0.6882117986679077
0,50,0.6923555731773376,
1,101,,0.673311710357666
1,101,0.6879991292953491,
2,152,,0.655295193195343
2,152,0.6570817828178406,
3,203,,0.6517650485038757
3,203,0.6142130494117737,
4,254,,0.6772100925445557
4,254,0.575199544429779,
5,305,,0.6814897060394287
5,305,0.5428087711334229,
6,356,,0.6891994476318359
6,356,0.5171898007392883,
7,407,,0.6696979403495789
7,407,0.5141030550003052,
8,408,,0.649893045425415
