epoch,step,train_loss,val_loss
0,50,,0.6899467706680298
0,50,0.6925580501556396,
1,101,,0.6966745853424072
1,101,0.6569880247116089,
2,152,,0.7080271244049072
2,152,0.5846518874168396,
3,203,,0.7380142211914062
3,203,0.5089300274848938,
4,254,,0.7420752644538879
4,254,0.484537273645401,
5,255,,0.6899505853652954
