epoch,step,train_loss,val_loss
0,50,,1.0597147941589355
0,50,1.0856726169586182,
1,101,,1.0574606657028198
1,101,1.0508970022201538,
2,152,,1.0488990545272827
2,152,1.0421278476715088,
3,203,,1.0388767719268799
3,203,1.0138449668884277,
4,254,,1.0616483688354492
4,254,0.9713810682296753,
5,305,,1.0421298742294312
5,305,0.926081120967865,
6,356,,1.0414938926696777
6,356,0.890892505645752,
7,407,,1.0450429916381836
7,407,0.8632734417915344,
8,408,,1.037887692451477
