epoch,step,train_loss,val_loss
0,50,,0.7065688967704773
0,50,0.7495623230934143,
1,101,,0.7399452924728394
1,101,0.5831912159919739,
2,152,,0.7785764336585999
2,152,0.5030375123023987,
3,203,,0.8912979960441589
3,203,0.4930739104747772,
4,254,,0.8503175377845764
4,254,0.5272139310836792,
5,255,,0.7065688967704773
