epoch,step,train_loss,val_loss
0,50,,0.6890230774879456
0,50,0.6923844814300537,
1,101,,0.6834819316864014
1,101,0.6899765729904175,
2,152,,0.6644017696380615
2,152,0.6676294803619385,
3,203,,0.6589124202728271
3,203,0.6252800226211548,
4,254,,0.6793984770774841
4,254,0.5827684998512268,
5,305,,0.6805607080459595
5,305,0.5466209650039673,
6,356,,0.670942485332489
6,356,0.5180196166038513,
7,407,,0.6801896691322327
7,407,0.5183862447738647,
8,408,,0.6585037112236023
