epoch,step,train_loss,val_loss
0,100,,1.0593173503875732
0,100,1.0955802202224731,
1,201,,1.077419638633728
1,201,0.9911248087882996,
2,302,,1.1225478649139404
2,302,0.8708661794662476,
3,403,,1.1331716775894165
3,403,0.8076974749565125,
4,504,,1.1220608949661255
4,504,0.8171855807304382,
5,505,,1.0593173503875732
