epoch,step,train_loss,val_loss
0,50,,0.6783115863800049
0,50,0.6838932037353516,
1,101,,0.6728128790855408
1,101,0.6699393391609192,
2,152,,0.6577316522598267
2,152,0.6292633414268494,
3,203,,0.6897480487823486
3,203,0.561471164226532,
4,254,,0.7108161449432373
4,254,0.5109730362892151,
5,305,,0.7053636908531189
5,305,0.5055218935012817,
6,356,,0.6782093048095703
6,356,0.4885711967945099,
7,357,,0.6571952700614929
