epoch,step,train_loss,val_loss
0,50,,0.6898970603942871
0,50,0.6908805966377258,
1,101,,0.6879495978355408
1,101,0.6906430125236511,
2,152,,0.6821678876876831
2,152,0.6787786483764648,
3,203,,0.6567643880844116
3,203,0.6448689699172974,
4,254,,0.6755208373069763
4,254,0.5858683586120605,
5,305,,0.7521308660507202
5,305,0.5308482646942139,
6,356,,0.7918537855148315
6,356,0.5296322107315063,
7,407,,0.7399717569351196
7,407,0.5194739699363708,
8,408,,0.6557431221008301
