epoch,step,train_loss,val_loss
0,50,,1.051608920097351
0,50,1.0750876665115356,
1,101,,1.0430183410644531
1,101,1.0542402267456055,
2,152,,1.0364010334014893
2,152,1.0404832363128662,
3,203,,1.025238275527954
3,203,1.0063947439193726,
4,254,,1.0313613414764404
4,254,0.9513150453567505,
5,305,,1.043718695640564
5,305,0.8959068059921265,
6,356,,1.0538558959960938
6,356,0.8578581809997559,
7,407,,1.0281803607940674
7,407,0.8574987053871155,
8,408,,1.02772855758667
