epoch,step,train_loss,val_loss
0,142,,0.6669183969497681
0,142,0.6875256299972534,
1,285,,0.6136521697044373
1,285,0.6128875613212585,
2,428,,0.6002852320671082
2,428,0.5612399578094482,
3,571,,0.6052916049957275
3,571,0.5153617858886719,
4,714,,0.6088060140609741
4,714,0.48449069261550903,
5,857,,0.6378836035728455
5,857,0.46409234404563904,
6,1000,,0.6159644722938538
6,1000,0.45668280124664307,
7,1001,,0.6031904816627502
