epoch,step,train_loss,val_loss
0,50,,0.4739425778388977
0,50,0.5480590462684631,
1,101,,0.4632091820240021
1,101,0.483320027589798,
2,152,,0.46145766973495483
2,152,0.4719022214412689,
3,203,,0.46152743697166443
3,203,0.4710008203983307,
4,254,,0.4614562690258026
4,254,0.4699106812477112,
5,305,,0.4611794948577881
5,305,0.46922650933265686,
6,356,,0.4610849618911743
6,356,0.46825680136680603,
7,357,,0.4610849618911743
