epoch,step,train_loss,val_loss
0,131,,0.6921459436416626
0,131,0.6854924559593201,
1,263,,0.6586109399795532
1,263,0.645814836025238,
2,395,,0.6090033054351807
2,395,0.6191050410270691,
3,527,,0.5913926959037781
3,527,0.5760824084281921,
4,659,,0.6073068380355835
4,659,0.5381357669830322,
5,791,,0.6140365600585938
5,791,0.5047045350074768,
6,923,,0.6137184500694275
6,923,0.49499672651290894,
7,1055,,0.6438899636268616
7,1055,0.47953683137893677,
8,1056,,0.5917772650718689
