epoch,step,train_loss,val_loss
0,50,,0.6902019381523132
0,50,0.6929078102111816,
1,101,,0.6904656887054443
1,101,0.6920295357704163,
2,152,,0.701123833656311
2,152,0.6854220032691956,
3,203,,0.6683559417724609
3,203,0.6634501814842224,
4,254,,0.6858046054840088
4,254,0.6379640698432922,
5,305,,0.6961660981178284
5,305,0.6019890904426575,
6,356,,0.6745496392250061
6,356,0.5679348111152649,
7,407,,0.6978667378425598
7,407,0.5429606437683105,
8,408,,0.6666034460067749
