epoch,step,train_loss,val_loss
0,50,,0.6976137757301331
0,50,0.752530038356781,
1,101,,0.7113125324249268
1,101,0.5950099229812622,
2,152,,0.7611267566680908
2,152,0.5070154070854187,
3,203,,0.8008102178573608
3,203,0.48399895429611206,
4,254,,0.856971263885498
4,254,0.5274093747138977,
5,255,,0.6976137757301331
