epoch,step,train_loss,val_loss
0,131,,0.6339262127876282
0,131,0.6543121337890625,
1,263,,0.6179502010345459
1,263,0.626887321472168,
2,395,,0.6078037023544312
2,395,0.5846657156944275,
3,527,,0.5919557809829712
3,527,0.5343261957168579,
4,659,,0.6374651789665222
4,659,0.4959126114845276,
5,791,,0.6131997108459473
5,791,0.47150149941444397,
6,923,,0.6103934645652771
6,923,0.4632313549518585,
7,1055,,0.6544507145881653
7,1055,0.45156794786453247,
8,1056,,0.5937480926513672
