epoch,step,train_loss,val_loss
0,50,,0.47373735904693604
0,50,0.5617286562919617,
1,101,,0.4649292826652527
1,101,0.46742892265319824,
2,152,,0.46303942799568176
2,152,0.4571625888347626,
3,203,,0.4619615972042084
3,203,0.4405505955219269,
4,254,,0.4675520062446594
4,254,0.41282323002815247,
5,305,,0.478378027677536
5,305,0.3847768008708954,
6,356,,0.491329163312912
6,356,0.36687740683555603,
7,407,,0.4900767207145691
7,407,0.35905730724334717,
8,408,,0.461961567401886
