epoch,step,train_loss,val_loss
0,50,,0.6776952147483826
0,50,0.6867632269859314,
1,101,,0.6632674336433411
1,101,0.6782271862030029,
2,152,,0.6589080691337585
2,152,0.6564408540725708,
3,203,,0.6713353991508484
3,203,0.6002016663551331,
4,254,,0.6879563927650452
4,254,0.5374108552932739,
5,305,,0.7361186742782593
5,305,0.5083261728286743,
6,356,,0.6854221820831299
6,356,0.4882584810256958,
7,357,,0.6606771945953369
