epoch,step,train_loss,val_loss
0,50,,1.0496835708618164
0,50,1.0694782733917236,
1,101,,1.024316430091858
1,101,1.0267853736877441,
2,152,,1.009486198425293
2,152,0.9781904816627502,
3,203,,1.011054277420044
3,203,0.9174314141273499,
4,254,,1.019909381866455
4,254,0.8592694997787476,
5,305,,1.0620245933532715
5,305,0.832679033279419,
6,356,,1.020472764968872
6,356,0.8145365118980408,
7,357,,1.0110043287277222
