epoch,step,train_loss,val_loss
0,50,,0.6765416860580444
0,50,0.6830593347549438,
1,101,,0.6569614410400391
1,101,0.667169451713562,
2,152,,0.653188169002533
2,152,0.6470910310745239,
3,203,,0.6571842432022095
3,203,0.6072117686271667,
4,254,,0.6718218326568604
4,254,0.564953625202179,
5,305,,0.6753166317939758
5,305,0.5176474452018738,
6,356,,0.6783882975578308
6,356,0.4954570531845093,
7,357,,0.6520770788192749
