epoch,step,train_loss,val_loss
0,50,,0.6650744080543518
0,50,0.6802273988723755,
1,101,,0.657148540019989
1,101,0.6639841794967651,
2,152,,0.6678391098976135
2,152,0.6246581673622131,
3,203,,0.6810286641120911
3,203,0.5794712901115417,
4,254,,0.7087645530700684
4,254,0.5386583209037781,
5,305,,0.6722954511642456
5,305,0.5144185423851013,
6,306,,0.6573992967605591
