epoch,step,train_loss,val_loss
0,50,,0.7062870264053345
0,50,0.7477408051490784,
1,101,,0.7054863572120667
1,101,0.5915819406509399,
2,152,,0.7695222496986389
2,152,0.5091062784194946,
3,203,,0.796042263507843
3,203,0.49618420004844666,
4,254,,0.8536997437477112
4,254,0.5618765950202942,
5,255,,0.7054863572120667
