epoch,step,train_loss,val_loss
0,50,,0.6895809769630432
0,50,0.6910955309867859,
1,101,,0.6805378794670105
1,101,0.6851124167442322,
2,152,,0.6611537933349609
2,152,0.6544607877731323,
3,203,,0.7045778632164001
3,203,0.600822389125824,
4,254,,0.7383213043212891
4,254,0.5635319352149963,
5,305,,0.7579876184463501
5,305,0.5345762372016907,
6,356,,0.696608304977417
6,356,0.5337569117546082,
7,357,,0.6571711897850037
