epoch,step,train_loss,val_loss
0,50,,0.6781355142593384
0,50,0.6851699948310852,
1,101,,0.6545181274414062
1,101,0.6704264879226685,
2,152,,0.6530911922454834
2,152,0.6271198987960815,
3,203,,0.6697437763214111
3,203,0.5723465085029602,
4,254,,0.7060961723327637
4,254,0.5240770578384399,
5,305,,0.6614930629730225
5,305,0.5192447304725647,
6,356,,0.6678141951560974
6,356,0.4994286596775055,
7,357,,0.6516191363334656
