epoch,step,train_loss,val_loss
0,50,,0.6672409772872925
0,50,0.6822006106376648,
1,101,,0.6648431420326233
1,101,0.6660247445106506,
2,152,,0.6484506130218506
2,152,0.6284984946250916,
3,203,,0.6799864768981934
3,203,0.5718080997467041,
4,254,,0.6790910363197327
4,254,0.5201321840286255,
5,305,,0.6766084432601929
5,305,0.5046406388282776,
6,356,,0.6876422762870789
6,356,0.4819335639476776,
7,357,,0.6463608741760254
