epoch,step,train_loss,val_loss
0,50,,0.6819865703582764
0,50,0.6961201429367065,
1,101,,0.680491030216217
1,101,0.6767053008079529,
2,152,,0.6604401469230652
2,152,0.6596834063529968,
3,203,,0.661491870880127
3,203,0.6114926934242249,
4,254,,0.6906636953353882
4,254,0.5499329566955566,
5,305,,0.6815193295478821
5,305,0.5110256671905518,
6,356,,0.7089505195617676
6,356,0.49159225821495056,
7,357,,0.6627790331840515
