epoch,step,train_loss,val_loss
0,50,,0.6896349191665649
0,50,0.6921415328979492,
1,101,,0.684798002243042
1,101,0.6897249221801758,
2,152,,0.6668194532394409
2,152,0.6753437519073486,
3,203,,0.6391671895980835
3,203,0.6349112391471863,
4,254,,0.6605203747749329
4,254,0.5712133646011353,
5,305,,0.7177475094795227
5,305,0.5217258334159851,
6,356,,0.6845812201499939
6,356,0.504234790802002,
7,407,,0.6541832685470581
7,407,0.5126635432243347,
8,408,,0.6369235515594482
