epoch,step,train_loss,val_loss
0,50,,0.6964950561523438
0,50,0.69418865442276,
1,101,,0.6748192310333252
1,101,0.6954256296157837,
2,152,,0.6602003574371338
2,152,0.6683540344238281,
3,203,,0.6363415718078613
3,203,0.6377377510070801,
4,254,,0.679086446762085
4,254,0.5878823399543762,
5,305,,0.669456422328949
5,305,0.5377767086029053,
6,356,,0.647500216960907
6,356,0.5308665037155151,
7,407,,0.6426963806152344
7,407,0.5097476243972778,
8,408,,0.6342955827713013
