epoch,step,train_loss,val_loss
0,50,,0.680559515953064
0,50,0.6952001452445984,
1,101,,0.6741239428520203
1,101,0.6777476072311401,
2,152,,0.6584715247154236
2,152,0.6554653644561768,
3,203,,0.6768791675567627
3,203,0.594794511795044,
4,254,,0.7075405716896057
4,254,0.5261974334716797,
5,305,,0.7068763971328735
5,305,0.49291831254959106,
6,356,,0.7718864679336548
6,356,0.49759194254875183,
7,357,,0.6581865549087524
