epoch,step,train_loss,val_loss
0,50,,0.689240038394928
0,50,0.6929810047149658,
1,101,,0.6742674112319946
1,101,0.68867027759552,
2,152,,0.6560638546943665
2,152,0.6672260165214539,
3,203,,0.628455400466919
3,203,0.6285102367401123,
4,254,,0.6403348445892334
4,254,0.5760881900787354,
5,305,,0.6698795557022095
5,305,0.53518146276474,
6,356,,0.650448739528656
6,356,0.5164682865142822,
7,407,,0.6543369293212891
7,407,0.5072064995765686,
8,408,,0.6249725818634033
