epoch,step,train_loss,val_loss
0,100,,0.4671584963798523
0,100,0.5044898986816406,
1,201,,0.4592391848564148
1,201,0.45070919394493103,
2,302,,0.4598327875137329
2,302,0.42457520961761475,
3,403,,0.4675366282463074
3,403,0.38419002294540405,
4,504,,0.4772496819496155
4,504,0.34644925594329834,
5,605,,0.4863241910934448
5,605,0.3290352523326874,
6,606,,0.4592391848564148
