epoch,step,train_loss,val_loss
0,50,,0.6630833148956299
0,50,0.6788851618766785,
1,101,,0.6488173604011536
1,101,0.659538745880127,
2,152,,0.6713919043540955
2,152,0.6171510219573975,
3,203,,0.693296492099762
3,203,0.5673015117645264,
4,254,,0.6842052340507507
4,254,0.5334173440933228,
5,305,,0.6773689985275269
5,305,0.5164138078689575,
6,306,,0.6501151323318481
