epoch,step,train_loss,val_loss
0,50,,0.6892342567443848
0,50,0.693253755569458,
1,101,,0.6816591024398804
1,101,0.6895018815994263,
2,152,,0.6680150032043457
2,152,0.6650139093399048,
3,203,,0.6554948687553406
3,203,0.6184048056602478,
4,254,,0.6657911539077759
4,254,0.5625910758972168,
5,305,,0.6840305924415588
5,305,0.5205862522125244,
6,356,,0.7147133350372314
6,356,0.4987413287162781,
7,407,,0.7146583795547485
7,407,0.49063190817832947,
8,408,,0.6545153856277466
