epoch,step,train_loss,val_loss
0,100,,0.4658423364162445
0,100,0.5050355195999146,
1,201,,0.45609214901924133
1,201,0.452321320772171,
2,302,,0.4552250802516937
2,302,0.4263559579849243,
3,403,,0.4622596502304077
3,403,0.3861343562602997,
4,504,,0.46559712290763855
4,504,0.34922364354133606,
5,605,,0.47362273931503296
5,605,0.32846978306770325,
6,606,,0.4552250802516937
