epoch,step,train_loss,val_loss
0,142,,0.6850155591964722
0,142,0.6991807818412781,
1,285,,0.5910017490386963
1,285,0.6355459690093994,
2,428,,0.5804181098937988
2,428,0.5747283697128296,
3,571,,0.5835338234901428
3,571,0.5316934585571289,
4,714,,0.5911460518836975
4,714,0.49564531445503235,
5,857,,0.6131284832954407
5,857,0.47193917632102966,
6,1000,,0.5948042869567871
6,1000,0.459313303232193,
7,1001,,0.5806022882461548
