epoch,step,train_loss,val_loss
0,131,,0.6642096042633057
0,131,0.6803221106529236,
1,263,,0.6901298761367798
1,263,0.6944686770439148,
2,395,,0.690808892250061
2,395,0.6894708275794983,
3,527,,0.6914623975753784
3,527,0.691912829875946,
4,659,,0.690549910068512
4,659,0.6919501423835754,
5,660,,0.6605260372161865
