epoch,step,train_loss,val_loss
0,50,,1.041938304901123
0,50,1.0703145265579224,
1,101,,1.0292127132415771
1,101,1.0272732973098755,
2,152,,1.014238715171814
2,152,0.9834476113319397,
3,203,,1.0180374383926392
3,203,0.9245145320892334,
4,254,,1.0304861068725586
4,254,0.8696413636207581,
5,305,,1.0256156921386719
5,305,0.8333420157432556,
6,356,,1.0444796085357666
6,356,0.8111355304718018,
7,357,,1.015228033065796
