epoch,step,train_loss,val_loss
0,131,,0.6415972113609314
0,131,0.6525011658668518,
1,263,,0.6196215748786926
1,263,0.6300941705703735,
2,395,,0.6093811988830566
2,395,0.5857260823249817,
3,527,,0.6140635013580322
3,527,0.5388602614402771,
4,659,,0.6101562976837158
4,659,0.5067570209503174,
5,791,,0.6410087943077087
5,791,0.4807339012622833,
6,923,,0.6298583745956421
6,923,0.47332125902175903,
7,924,,0.6107009053230286
