epoch,step,train_loss,val_loss
0,100,,1.0544935464859009
0,100,1.0934829711914062,
1,201,,1.06015145778656
1,201,0.9897443056106567,
2,302,,1.094281554222107
2,302,0.8675132989883423,
3,403,,1.1109257936477661
3,403,0.7943112850189209,
4,504,,1.134150743484497
4,504,0.8193288445472717,
5,505,,1.0544935464859009
