epoch,step,train_loss,val_loss
0,50,,1.0434348583221436
0,50,1.0683903694152832,
1,101,,1.0280098915100098
1,101,1.029605746269226,
2,152,,1.010229468345642
2,152,0.9827728867530823,
3,203,,1.0083791017532349
3,203,0.9138734340667725,
4,254,,1.017198085784912
4,254,0.8528037071228027,
5,305,,1.028110146522522
5,305,0.8310071229934692,
6,356,,1.008677363395691
6,356,0.8044255971908569,
7,407,,1.0174543857574463
7,407,0.7859352827072144,
8,408,,1.0083210468292236
