epoch,step,train_loss,val_loss
0,142,,0.6862648725509644
0,142,0.6979418992996216,
1,285,,0.6122992038726807
1,285,0.6334859728813171,
2,428,,0.5973996520042419
2,428,0.5737842917442322,
3,571,,0.5924524664878845
3,571,0.5324003100395203,
4,714,,0.611452579498291
4,714,0.49433043599128723,
5,857,,0.69210284948349
5,857,0.4663805663585663,
6,1000,,0.6388658881187439
6,1000,0.45635074377059937,
7,1143,,0.6154170632362366
7,1143,0.4500715136528015,
8,1144,,0.5960991382598877
