epoch,step,train_loss,val_loss
0,50,,0.688819408416748
0,50,0.7128857970237732,
1,101,,0.7062028646469116
1,101,0.595169723033905,
2,152,,0.7455915808677673
2,152,0.5101230144500732,
3,203,,0.7818276882171631
3,203,0.5021786689758301,
4,254,,0.7121314406394958
4,254,0.5328160524368286,
5,255,,0.688819408416748
