epoch,step,train_loss,val_loss
0,50,,1.0454884767532349
0,50,1.0735361576080322,
1,101,,1.035158634185791
1,101,1.0284016132354736,
2,152,,1.0366767644882202
2,152,0.985863208770752,
3,203,,1.0863440036773682
3,203,0.9233387112617493,
4,254,,1.1239538192749023
4,254,0.8749570846557617,
5,305,,1.0636762380599976
5,305,0.8448187708854675,
6,306,,1.0312327146530151
