epoch,step,train_loss,val_loss
0,50,,1.0390682220458984
0,50,1.0726655721664429,
1,101,,1.0163912773132324
1,101,1.0292561054229736,
2,152,,1.0068637132644653
2,152,0.9916993975639343,
3,203,,1.0212574005126953
3,203,0.926967203617096,
4,254,,1.0556464195251465
4,254,0.872988224029541,
5,305,,1.0437471866607666
5,305,0.8410390615463257,
6,356,,1.0235916376113892
6,356,0.8250918984413147,
7,357,,1.0051294565200806
