epoch,step,train_loss,val_loss
0,50,,0.677619993686676
0,50,0.6962028741836548,
1,101,,0.6730717420578003
1,101,0.6775410175323486,
2,152,,0.6633301377296448
2,152,0.6587169170379639,
3,203,,0.6750372052192688
3,203,0.6147876381874084,
4,254,,0.6881861090660095
4,254,0.5515744686126709,
5,305,,0.751461923122406
5,305,0.5178437232971191,
6,356,,0.6922944784164429
6,356,0.49787425994873047,
7,357,,0.6643638610839844
