epoch,step,train_loss,val_loss
0,50,,0.6792160868644714
0,50,0.6955474019050598,
1,101,,0.6740156412124634
1,101,0.6771897077560425,
2,152,,0.6576460003852844
2,152,0.6604963541030884,
3,203,,0.6617551445960999
3,203,0.6044548153877258,
4,254,,0.6851264834403992
4,254,0.5395370721817017,
5,305,,0.6847789287567139
5,305,0.5064553022384644,
6,356,,0.7105442881584167
6,356,0.4973643720149994,
7,357,,0.6575272083282471
