epoch,step,train_loss,val_loss
0,50,,1.0535701513290405
0,50,1.0741673707962036,
1,101,,1.0412025451660156
1,101,1.0293294191360474,
2,152,,1.0292491912841797
2,152,0.982446014881134,
3,203,,1.0353422164916992
3,203,0.9219107627868652,
4,254,,1.0958675146102905
4,254,0.8654420375823975,
5,305,,1.0489205121994019
5,305,0.8357517719268799,
6,356,,1.0617674589157104
6,356,0.8059030771255493,
7,357,,1.029393196105957
