epoch,step,train_loss,val_loss
0,50,,0.6792095899581909
0,50,0.6866212487220764,
1,101,,0.6610211133956909
1,101,0.6773191094398499,
2,152,,0.6890320777893066
2,152,0.6424053311347961,
3,203,,0.6912750005722046
3,203,0.5601170063018799,
4,254,,0.7074775099754333
4,254,0.5223345160484314,
5,305,,0.7071122527122498
5,305,0.5096436142921448,
6,306,,0.662838876247406
