epoch,step,train_loss,val_loss
0,50,,0.6845637559890747
0,50,0.6941964030265808,
1,101,,0.676384687423706
1,101,0.6558657288551331,
2,152,,0.6846396923065186
2,152,0.5810774564743042,
3,203,,0.6690387725830078
3,203,0.515373706817627,
4,254,,0.6807200908660889
4,254,0.5000016689300537,
5,305,,0.6864326596260071
5,305,0.49826040863990784,
6,356,,0.6765957474708557
6,356,0.47151193022727966,
7,407,,0.6816193461418152
7,407,0.46273067593574524,
8,408,,0.668428361415863
