epoch,step,train_loss,val_loss
0,50,,0.6901379227638245
0,50,0.6926313042640686,
1,101,,0.6881870031356812
1,101,0.6913138031959534,
2,152,,0.6775622367858887
2,152,0.6878407001495361,
3,203,,0.6539868116378784
3,203,0.6593829989433289,
4,254,,0.6551535129547119
4,254,0.5942949056625366,
5,305,,0.7011058926582336
5,305,0.5373683571815491,
6,356,,0.7120676636695862
6,356,0.5030179619789124,
7,407,,0.6907172203063965
7,407,0.5158336758613586,
8,408,,0.6529729962348938
