epoch,step,train_loss,val_loss
0,50,,0.7828230857849121
0,50,0.6906927824020386,
1,101,,0.6849667429924011
1,101,0.6630829572677612,
2,152,,0.6963632106781006
2,152,0.5893287658691406,
3,203,,0.7258473038673401
3,203,0.5141819715499878,
4,254,,0.7134737968444824
4,254,0.4907746911048889,
5,305,,0.7134300470352173
5,305,0.49956774711608887,
6,306,,0.6849666833877563
