epoch,step,train_loss,val_loss
0,50,,0.46733444929122925
0,50,0.5610131025314331,
1,101,,0.46093446016311646
1,101,0.46921712160110474,
2,152,,0.4583157002925873
2,152,0.45853227376937866,
3,203,,0.45687103271484375
3,203,0.4422133266925812,
4,254,,0.4588931202888489
4,254,0.41660892963409424,
5,305,,0.4619383215904236
5,305,0.3904866874217987,
6,356,,0.4644681215286255
6,356,0.3699924945831299,
7,407,,0.47635355591773987
7,407,0.3580421507358551,
8,408,,0.4568715989589691
