epoch,step,train_loss,val_loss
0,50,,0.6764229536056519
0,50,0.6851986050605774,
1,101,,0.6672195196151733
1,101,0.6754518151283264,
2,152,,0.6547631025314331
2,152,0.6514747738838196,
3,203,,0.6455366611480713
3,203,0.6114931702613831,
4,254,,0.6803289651870728
4,254,0.5642749667167664,
5,305,,0.6776973605155945
5,305,0.5378546118736267,
6,356,,0.6667253971099854
6,356,0.5036810040473938,
7,407,,0.6554768085479736
7,407,0.48103567957878113,
8,408,,0.647584855556488
