epoch,step,train_loss,val_loss
0,50,,0.6906552910804749
0,50,0.6917631030082703,
1,101,,0.6937158703804016
1,101,0.6465513110160828,
2,152,,0.732130765914917
2,152,0.5715398192405701,
3,203,,0.8506379127502441
3,203,0.5052048563957214,
4,254,,0.7450481653213501
4,254,0.4937222898006439,
5,255,,0.6906196475028992
