epoch,step,train_loss,val_loss
0,50,,1.0430521965026855
0,50,1.0718939304351807,
1,101,,1.0313047170639038
1,101,1.039851188659668,
2,152,,1.023638129234314
2,152,0.9994670152664185,
3,203,,1.0408457517623901
3,203,0.9379330277442932,
4,254,,1.056609034538269
4,254,0.8784018754959106,
5,305,,1.067020297050476
5,305,0.8421897888183594,
6,356,,1.1092286109924316
6,356,0.8305721879005432,
7,357,,1.0228337049484253
