epoch,step,train_loss,val_loss
0,50,,0.6806612610816956
0,50,0.6857457160949707,
1,101,,0.6700267791748047
1,101,0.6770583391189575,
2,152,,0.6493408679962158
2,152,0.6435219049453735,
3,203,,0.669991672039032
3,203,0.5681471824645996,
4,254,,0.7519235014915466
4,254,0.520330548286438,
5,305,,0.6938405632972717
5,305,0.5206149816513062,
6,356,,0.680510938167572
6,356,0.4730294644832611,
7,357,,0.6496299505233765
