epoch,step,train_loss,val_loss
0,50,,0.6753385066986084
0,50,0.6853967905044556,
1,101,,0.6602163910865784
1,101,0.6646135449409485,
2,152,,0.6541434526443481
2,152,0.621635913848877,
3,203,,0.6612401604652405
3,203,0.5708376169204712,
4,254,,0.6603094339370728
4,254,0.5313827991485596,
5,305,,0.6673060059547424
5,305,0.5111045837402344,
6,356,,0.6707497239112854
6,356,0.49734774231910706,
7,357,,0.6558104753494263
