epoch,step,train_loss,val_loss
0,50,,0.6897636651992798
0,50,0.693566620349884,
1,101,,0.685789167881012
1,101,0.6904770731925964,
2,152,,0.664579451084137
2,152,0.6678792238235474,
3,203,,0.6521028876304626
3,203,0.6229174137115479,
4,254,,0.6550230383872986
4,254,0.5643783807754517,
5,305,,0.6808571815490723
5,305,0.5279133915901184,
6,356,,0.6946442127227783
6,356,0.5021061897277832,
7,407,,0.6824790239334106
7,407,0.49614855647087097,
8,408,,0.6548539996147156
