epoch,step,train_loss,val_loss
0,50,,1.040404200553894
0,50,1.0739291906356812,
1,101,,1.0218207836151123
1,101,1.0325994491577148,
2,152,,0.9985623359680176
2,152,0.998284101486206,
3,203,,1.0159951448440552
3,203,0.938849687576294,
4,254,,1.0611730813980103
4,254,0.8756008148193359,
5,305,,1.0366421937942505
5,305,0.8431307673454285,
6,356,,1.0227144956588745
6,356,0.8259682655334473,
7,357,,0.999746561050415
