epoch,step,train_loss,val_loss
0,50,,0.6816402673721313
0,50,0.6836354732513428,
1,101,,0.6633846759796143
1,101,0.664594292640686,
2,152,,0.6509301662445068
2,152,0.6230685114860535,
3,203,,0.6543824076652527
3,203,0.572998583316803,
4,254,,0.6649068593978882
4,254,0.5299599170684814,
5,305,,0.6717448234558105
5,305,0.502264142036438,
6,356,,0.676628828048706
6,356,0.4925968050956726,
7,357,,0.65030837059021
