epoch,step,train_loss,val_loss
0,50,,0.6917707324028015
0,50,0.6928901672363281,
1,101,,0.7005890607833862
1,101,0.6564455628395081,
2,152,,0.715492308139801
2,152,0.5828527808189392,
3,203,,0.7416839003562927
3,203,0.5156062245368958,
4,254,,0.7470209002494812
4,254,0.49881184101104736,
5,255,,0.6917710900306702
