epoch,step,train_loss,val_loss
0,50,,0.6895662546157837
0,50,0.6948694586753845,
1,101,,0.6811957359313965
1,101,0.691579282283783,
2,152,,0.6612827777862549
2,152,0.6620069742202759,
3,203,,0.648745059967041
3,203,0.6172727346420288,
4,254,,0.6619072556495667
4,254,0.5642338395118713,
5,305,,0.6808812022209167
5,305,0.5322343111038208,
6,356,,0.7006920576095581
6,356,0.5048562288284302,
7,407,,0.7222589254379272
7,407,0.4953470528125763,
8,408,,0.650471031665802
