epoch,step,train_loss,val_loss
0,50,,1.0443743467330933
0,50,1.0635288953781128,
1,101,,1.0299090147018433
1,101,1.0410138368606567,
2,152,,1.011696696281433
2,152,1.0078059434890747,
3,203,,1.0313034057617188
3,203,0.9412665367126465,
4,254,,1.0360029935836792
4,254,0.8837000727653503,
5,305,,1.0307999849319458
5,305,0.8552997708320618,
6,356,,1.0383210182189941
6,356,0.8211551308631897,
7,357,,1.0105489492416382
