epoch,step,train_loss,val_loss
0,50,,0.6733989715576172
0,50,0.6839404702186584,
1,101,,0.6566957235336304
1,101,0.6667511463165283,
2,152,,0.679035484790802
2,152,0.6082342267036438,
3,203,,0.713564932346344
3,203,0.5608954429626465,
4,254,,0.6999645233154297
4,254,0.5224758386611938,
5,305,,0.6702439188957214
5,305,0.4988967180252075,
6,306,,0.656653642654419
