epoch,step,train_loss,val_loss
0,50,,0.6817991137504578
0,50,0.6889849305152893,
1,101,,0.6762905716896057
1,101,0.681816041469574,
2,152,,0.676283061504364
2,152,0.6858888864517212,
3,203,,0.6601673364639282
3,203,0.6636272072792053,
4,254,,0.6826878190040588
4,254,0.6174259781837463,
5,305,,0.6852845549583435
5,305,0.5472825765609741,
6,356,,0.7086839079856873
6,356,0.525232195854187,
7,407,,0.6942315697669983
7,407,0.48148617148399353,
8,408,,0.6628950238227844
