epoch,step,train_loss,val_loss
0,50,,1.0432971715927124
0,50,1.072831630706787,
1,101,,1.0202134847640991
1,101,1.0282375812530518,
2,152,,1.0088993310928345
2,152,0.9770344495773315,
3,203,,1.0122748613357544
3,203,0.9120280742645264,
4,254,,1.0191853046417236
4,254,0.8627534508705139,
5,305,,1.018499493598938
5,305,0.8354693651199341,
6,356,,1.0192102193832397
6,356,0.8107436895370483,
7,357,,1.0073177814483643
