epoch,step,train_loss,val_loss
0,50,,0.6673377752304077
0,50,0.681729793548584,
1,101,,0.6517373919487
1,101,0.6614817976951599,
2,152,,0.6741377115249634
2,152,0.6326060891151428,
3,203,,0.6948773860931396
3,203,0.5651225447654724,
4,254,,0.6927142143249512
4,254,0.519706666469574,
5,305,,0.6995716094970703
5,305,0.49126550555229187,
6,306,,0.6516978740692139
