epoch,step,train_loss,val_loss
0,100,,0.4627703130245209
0,100,0.5033946633338928,
1,201,,0.4563606381416321
1,201,0.4529261887073517,
2,302,,0.45583125948905945
2,302,0.43241873383522034,
3,403,,0.4636390209197998
3,403,0.4006427228450775,
4,504,,0.4703640043735504
4,504,0.3617434501647949,
5,605,,0.4758988916873932
5,605,0.33631524443626404,
6,606,,0.45583125948905945
