epoch,step,train_loss,val_loss
0,100,,0.46722471714019775
0,100,0.5050931572914124,
1,201,,0.4605104923248291
1,201,0.4503136873245239,
2,302,,0.46309712529182434
2,302,0.4244675934314728,
3,403,,0.4759540855884552
3,403,0.38505733013153076,
4,504,,0.4861413836479187
4,504,0.3493945300579071,
5,605,,0.49035361409187317
5,605,0.3321428596973419,
6,606,,0.4605104923248291
