epoch,step,train_loss,val_loss
0,50,,0.6891410946846008
0,50,0.690808117389679,
1,101,,0.6791673898696899
1,101,0.6881475448608398,
2,152,,0.6718942523002625
2,152,0.6558322906494141,
3,203,,0.6840213537216187
3,203,0.5996825695037842,
4,254,,0.6918448805809021
4,254,0.5462243556976318,
5,305,,0.7407368421554565
5,305,0.5046932101249695,
6,356,,0.722198486328125
6,356,0.4956834614276886,
7,357,,0.6706485748291016
